accuracy,loss,val_accuracy,val_loss,learning_rate
0.4768276810646057,1.3819490671157837,0.1581699401140213,1.8019514083862305,9.999999747378752e-05
0.6152088642120361,1.0780401229858398,0.16339869797229767,1.9454516172409058,9.999999747378752e-05
0.6563315987586975,0.9659223556518555,0.1738562136888504,2.558469295501709,9.999999747378752e-05
0.6866840720176697,0.8987618684768677,0.25751635432243347,2.368788719177246,4.999999873689376e-05
0.704960823059082,0.8579919338226318,0.32287582755088806,1.7750385999679565,4.999999873689376e-05
